{"cameraMode":{"drawMode":0,"name":"Shaded","section":"Shading Mode"},"sceneLighting":true,"audioPlay":false,"sceneViewState":{"m_AlwaysRefresh":false,"showFog":true,"showSkybox":true,"showFlares":true,"showImageEffects":true,"showParticleSystems":true,"showVisualEffectGraphs":true,"m_FxEnabled":true},"in2DMode":false,"pivot":{"x":-2063.352294921875,"y":20.02716636657715,"z":-12.705166816711426},"rotation":{"x":-0.0063907247968018059,"y":-0.9122634530067444,"z":0.014571878127753735,"w":-0.4095626473426819},"size":0.8660253882408142,"orthographic":false}